Semana,Fase,Tarea,Estado,DuraciÃ³n (horas)
1,Backend,EDA y limpieza de datos,ğŸ“Œ Por iniciar,8
1,Backend,Feature Engineering,ğŸ“Œ Por iniciar,6
1,Backend,Entrenamiento de modelos,ğŸ“Œ Por iniciar,8
2,Testing,Unit Tests,ğŸ“Œ Por iniciar,6
2,Backend,Modelos individuales,ğŸ“Œ Por iniciar,12
2,Backend,Model Manager,ğŸ“Œ Por iniciar,4
3,Frontend,Auth System,ğŸ“Œ Por iniciar,8
3,Frontend,Streamlit Pages,ğŸ“Œ Por iniciar,16
4,Frontend,Batch Upload,ğŸ“Œ Por iniciar,6
4,Integration,Database Integration,ğŸ“Œ Por iniciar,4
5,Integration,Bug Fixes,ğŸ“Œ Por iniciar,4
6,Deployment,Production Deploy,ğŸ“Œ Por iniciar,4
